Mean,SD
1.537978474032657972e-01,7.432479966920892828e-03,1.376175870022573289e-04
9.525238106655870007e-02,9.493994290895388030e-03,2.487378062285201569e-04
