Mean,SD
3.082605810914523472e-05,6.769679107485640848e-03,1.178954312891341216e-04
6.188222716556636134e-05,8.505628520262424608e-03,2.053715398894957766e-04
