Mean,SD
5.286130905766470850e-02,8.964518411003923916e-04,1.551055014926642288e-05
6.819021287352217131e-02,4.343095751838512396e-03,1.892240944904192220e-04


