Mean,SD
5.125564816845808863e-02,5.432364889251432112e-04,3.828766023033133995e-06
6.298128253754729788e-02,1.928379519114298670e-03,2.234566886066090201e-05