Mean,SD
6.694340874765421570e-03,1.107987128410654778e-04,1.301227015134296880e-03
8.420288608510980918e-03,1.936808977161768696e-04,1.950268689786405739e-03
1.0