Mean,SD
1.225812669454689890e-01,5.467357875319933669e-03,8.806003468467976398e-05
1.057904520814558491e-01,8.880258054370126705e-03,2.678508349411562310e-04
