Mean,SD
5.067965960559979444e-03,1.384268467087817339e-02,4.267977396471017313e-04
1.018923428755370841e-02,2.069365878147996426e-02,1.006705427424558520e-03
