Mean,SD
1.495493881357722599e-01,6.743237871568847491e-03,1.134748815552690280e-04
9.185604190458521168e-02,8.410554126493467383e-03,1.980762575491442756e-04
