Mean,SD
2.151302672569157821e-03,2.305479027417968447e-06,2.394681867727142537e-08
4.012921040648697105e-03,2.896992723175928247e-05,8.606228275588784507e-07
