Mean,SD
4.051689797489035829e-05,7.692365780555705627e-03,1.455538317725185715e-04
8.207296401604682228e-05,9.570715947491576989e-03,2.569116746156197353e-04
