Mean,SD
1.528334107538520392e-01,7.023665557445450160e-03,1.223286597985763415e-04
9.271396705440307362e-02,8.724049244523560467e-03,2.178889754735143945e-04
