Mean,SD
3.260743091225757175e-05,6.856490120587272613e-03,1.227173101118323156e-04
6.719361997540862226e-05,8.721156241341565529e-03,2.182186405216982657e-04
